<com.sonyericsson.hudson.plugins.gerrit.trigger.hudsontrigger.GerritTrigger>
  <spec/>
  <gerritProjects>
    <com.sonyericsson.hudson.plugins.gerrit.trigger.hudsontrigger.data.GerritProject>
      <compareType>
        PLAIN
      </compareType>
      <pattern>
        elektrobit/ThemingEngine/te-store
      </pattern>
      <branches>
        <com.sonyericsson.hudson.plugins.gerrit.trigger.hudsontrigger.data.Branch>
          <compareType>
            PLAIN
          </compareType>
          <pattern>
            {gerrit_branch}
          </pattern>
        </com.sonyericsson.hudson.plugins.gerrit.trigger.hudsontrigger.data.Branch>
      </branches>
      <disableStrictForbiddenFileVerification>
        false
      </disableStrictForbiddenFileVerification>
    </com.sonyericsson.hudson.plugins.gerrit.trigger.hudsontrigger.data.GerritProject>
    <com.sonyericsson.hudson.plugins.gerrit.trigger.hudsontrigger.data.GerritProject>
      <compareType>
        PLAIN
      </compareType>
      <pattern>
        elektrobit/SKIVI/Media
      </pattern>
      <branches>
        <com.sonyericsson.hudson.plugins.gerrit.trigger.hudsontrigger.data.Branch>
          <compareType>
            PLAIN
          </compareType>
          <pattern>
            {gerrit_branch}
          </pattern>
        </com.sonyericsson.hudson.plugins.gerrit.trigger.hudsontrigger.data.Branch>
      </branches>
      <disableStrictForbiddenFileVerification>
        false
      </disableStrictForbiddenFileVerification>
    </com.sonyericsson.hudson.plugins.gerrit.trigger.hudsontrigger.data.GerritProject>
    <com.sonyericsson.hudson.plugins.gerrit.trigger.hudsontrigger.data.GerritProject>
      <compareType>
        PLAIN
      </compareType>
      <pattern>
        elektrobit/SKIVI/Home
      </pattern>
      <branches>
        <com.sonyericsson.hudson.plugins.gerrit.trigger.hudsontrigger.data.Branch>
          <compareType>
            PLAIN
          </compareType>
          <pattern>
            {gerrit_branch}
          </pattern>
        </com.sonyericsson.hudson.plugins.gerrit.trigger.hudsontrigger.data.Branch>
      </branches>
      <disableStrictForbiddenFileVerification>
        false
      </disableStrictForbiddenFileVerification>
    </com.sonyericsson.hudson.plugins.gerrit.trigger.hudsontrigger.data.GerritProject>
    <com.sonyericsson.hudson.plugins.gerrit.trigger.hudsontrigger.data.GerritProject>
      <compareType>
        PLAIN
      </compareType>
      <pattern>
        elektrobit/ThemingEngine/te-store-library
      </pattern>
      <branches>
        <com.sonyericsson.hudson.plugins.gerrit.trigger.hudsontrigger.data.Branch>
          <compareType>
            PLAIN
          </compareType>
          <pattern>
            {gerrit_branch}
          </pattern>
        </com.sonyericsson.hudson.plugins.gerrit.trigger.hudsontrigger.data.Branch>
      </branches>
      <disableStrictForbiddenFileVerification>
        false
      </disableStrictForbiddenFileVerification>
    </com.sonyericsson.hudson.plugins.gerrit.trigger.hudsontrigger.data.GerritProject>
    <com.sonyericsson.hudson.plugins.gerrit.trigger.hudsontrigger.data.GerritProject>
      <compareType>
        PLAIN
      </compareType>
      <pattern>
        elektrobit/SKIVI/Vehicle
      </pattern>
      <branches>
        <com.sonyericsson.hudson.plugins.gerrit.trigger.hudsontrigger.data.Branch>
          <compareType>
            PLAIN
          </compareType>
          <pattern>
            {gerrit_branch}
          </pattern>
        </com.sonyericsson.hudson.plugins.gerrit.trigger.hudsontrigger.data.Branch>
      </branches>
      <disableStrictForbiddenFileVerification>
        false
      </disableStrictForbiddenFileVerification>
    </com.sonyericsson.hudson.plugins.gerrit.trigger.hudsontrigger.data.GerritProject>
  </gerritProjects>
  <skipVote>
    <onSuccessful>
      false
    </onSuccessful>
    <onFailed>
      false
    </onFailed>
    <onUnstable>
      false
    </onUnstable>
    <onNotBuilt>
      false
    </onNotBuilt>
  </skipVote>
  <silentMode>
    false
  </silentMode>
  <silentStartMode>
    false
  </silentStartMode>
  <escapeQuotes>
    true
  </escapeQuotes>
  <noNameAndEmailParameters>
    false
  </noNameAndEmailParameters>
  <readableMessage>
    false
  </readableMessage>
  <dependencyJobsNames/>
  <notificationLevel/>
  <dynamicTriggerConfiguration>
    False
  </dynamicTriggerConfiguration>
  <triggerConfigURL/>
  <triggerInformationAction/>
  <allowTriggeringUnreviewedPatches>
    false
  </allowTriggeringUnreviewedPatches>
  <triggerOnEvents>
    <com.sonyericsson.hudson.plugins.gerrit.trigger.hudsontrigger.events.PluginPatchsetCreatedEvent>
      <excludeDrafts>
        true
      </excludeDrafts>
      <excludeTrivialRebase>
        false
      </excludeTrivialRebase>
      <excludeNoCodeChange>
        false
      </excludeNoCodeChange>
      <excludePrivateState>
        false
      </excludePrivateState>
      <excludeWipState>
        true
      </excludeWipState>
    </com.sonyericsson.hudson.plugins.gerrit.trigger.hudsontrigger.events.PluginPatchsetCreatedEvent>
    <com.sonyericsson.hudson.plugins.gerrit.trigger.hudsontrigger.events.PluginCommentAddedContainsEvent>
      <commentAddedCommentContains>
        {commit-message-regex}
      </commentAddedCommentContains>
    </com.sonyericsson.hudson.plugins.gerrit.trigger.hudsontrigger.events.PluginCommentAddedContainsEvent>
    <com.sonyericsson.hudson.plugins.gerrit.trigger.hudsontrigger.events.PluginDraftPublishedEvent/>
  </triggerOnEvents>
  <buildStartMessage/>
  <buildFailureMessage/>
  <buildSuccessfulMessage/>
  <buildUnstableMessage/>
  <buildNotBuiltMessage/>
  <buildUnsuccessfulFilepath/>
  <customUrl/>
  <serverName>
    {server_name}
  </serverName>
</com.sonyericsson.hudson.plugins.gerrit.trigger.hudsontrigger.GerritTrigger>
